<PAD>,0
<UNK>,1
 ,2
"
",3
",",4
e,5
1,6
i,7
0,8
.,9
a,10
o,11
n,12
t,13
的,14
2,15
s,16
r,17
l,18
),19
。,20
(,21
m,22
3,23
、,24
5,25
4,26
d,27
c,28
糖,29
-,30
C,31
A,32
P,33
病,34
h,35
T,36
g,37
血,38
6,39
p,40
L,41
u,42
D,43
7,44
8,45
G,46
素,47
9,48
性,49
组,50
尿,51
S,52
R,53
H,54
M,55
分,56
和,57
/,58
b,59
I,60
者,61
y,62
±,63
用,64
f,65
发,66
;,67
细,68
高,69
胞,70
中,71
:,72
患,73
在,74
[,75
],76
与,77
为,78
胰,79
有,80
N,81
体,82
对,83
F,84
B,85
因,86
能,87
生,88
岛,89
研,90
究,91
可,92
表,93
一,94
关,95
及,96
%,97
脂,98
重,99
于,100
化,101
平,102
型,103
相,104
量,105
O,106
后,107
是,108
显,109
w,110
水,111
白,112
v,113
不,114
低,115
年,116
E,117
常,118
疗,119
合,120
治,121
制,122
<,123
增,124
进,125
以,126
基,127
内,128
度,129
其,130
甲,131
物,132
降,133
蛋,134
学,135
作,136
现,137
明,138
大,139
应,140
结,141
期,142
等,143
状,144
正,145
时,146
激,147
达,148
测,149
并,150
比,151
数,152
过,153
加,154
人,155
代,156
而,157
酸,158
上,159
成,160
肾,161
功,162
症,163
异,164
管,165
下,166
要,167
心,168
多,169
较,170
同,171
β,172
变,173
标,174
K,175
动,176
指,177
示,178
药,179
抗,180
~,181
腺,182
均,183
剂,184
U,185
率,186
本,187
前,188
骨,189
调,190
或,191
间,192
谢,193
例,194
检,195
方,196
行,197
小,198
通,199
k,200
减,201
x,202
定,203
泌,204
无,205
受,206
国,207
临,208
果,209
活,210
计,211
床,212
质,213
导,214
了,215
鼠,216
经,217
子,218
升,219
影,220
别,221
提,222
压,223
析,224
出,225
抑,226
肪,227
统,228
=,229
法,230
诊,231
个,232
清,233
险,234
使,235
系,236
二,237
医,238
响,239
类,240
转,241
差,242
预,243
腹,244
验,245
酶,246
外,247
肥,248
脏,249
断,250
胖,251
少,252
种,253
理,254
醇,255
疾,256
致,257
机,258
此,259
周,260
自,261
龄,262
程,263
目,264
院,265
实,266
空,267
密,268
但,269
脉,270
效,271
列,272
控,273
格,274
长,275
W,276
采,277
全,278
群,279
照,280
反,281
随,282
次,283
肝,284
联,285
改,286
也,287
+,288
炎,289
值,290
胆,291
据,292
V,293
女,294
注,295
风,296
三,297
固,298
起,299
入,300
科,301
征,302
著,303
查,304
到,305
存,306
态,307
意,308
主,309
样,310
所,311
皮,312
免,313
之,314
单,315
促,316
且,317
这,318
最,319
特,320
新,321
位,322
原,323
综,324
点,325
织,326
准,327
节,328
来,329
产,330
双,331
如,332
具,333
由,334
试,335
损,336
抵,337
男,338
干,339
各,340
非,341
证,342
养,343
总,344
食,345
X,346
义,347
围,348
氧,349
肽,350
疫,351
项,352
更,353
会,354
情,355
步,356
维,357
餐,358
早,359
展,360
危,361
部,362
取,363
感,364
葡,365
萄,366
身,367
从,368
引,369
术,370
面,371
参,372
未,373
道,374
至,375
线,376
他,377
除,378
J,379
呈,380
第,381
亡,382
肌,383
复,384
神,385
利,386
见,387
图,388
膜,389
善,390
将,391
染,392
家,393
需,394
娠,395
妊,396
月,397
强,398
超,399
收,400
儿,401
岁,402
解,403
服,404
模,405
件,406
况,407
Z,408
已,409
液,410
选,411
浓,412
立,413
油,414
限,415
缺,416
形,417
象,418
甘,419
切,420
处,421
力,422
Y,423
j,424
共,425
评,426
色,427
足,428
还,429
包,430
孕,431
诱,432
饮,433
着,434
然,435
该,436
每,437
确,438
接,439
死,440
>,441
严,442
推,443
积,444
南,445
观,446
料,447
两,448
≥,449
排,450
脲,451
培,452
认,453
论,454
肿,455
亚,456
张,457
腰,458
报,459
肠,460
区,461
回,462
建,463
日,464
持,465
育,466
磷,467
资,468
础,469
氨,470
保,471
球,472
酮,473
慢,474
α,475
公,476
胍,477
得,478
地,479
含,480
估,481
括,482
汀,483
Q,484
口,485
射,486
近,487
些,488
瘤,489
司,490
信,491
式,492
族,493
微,494
敏,495
刺,496
路,497
良,498
环,499
天,500
被,501
脑,502
号,503
美,504
移,505
轻,506
“,507
离,508
归,509
负,510
酯,511
耐,512
当,513
z,514
整,515
史,516
讨,517
放,518
逐,519
依,520
我,521
吸,522
核,523
即,524
直,525
根,526
缩,527
μ,528
述,529
硬,530
冠,531
×,532
殖,533
运,534
防,535
伤,536
海,537
独,538
则,539
健,540
凋,541
尚,542
失,543
介,544
传,545
续,546
考,547
集,548
伴,549
胎,550
仍,551
康,552
波,553
属,554
察,555
荐,556
附,557
光,558
亢,559
痛,560
仅,561
否,562
钙,563
手,564
们,565
录,566
乳,567
金,568
好,569
护,570
静,571
文,572
探,573
毒,574
粒,575
稳,576
似,577
冶,578
监,579
流,580
释,581
市,582
给,583
布,584
粥,585
议,586
q,587
始,588
摄,589
键,590
级,591
妇,592
克,593
识,594
缓,595
四,596
开,597
名,598
予,599
范,600
游,601
速,602
乏,603
癌,604
钠,605
突,606
适,607
源,608
构,609
视,610
按,611
专,612
短,613
磺,614
℃,615
题,616
元,617
说,618
',619
老,620
垂,621
舒,622
择,623
乱,624
案,625
酰,626
松,627
黄,628
往,629
完,630
紊,631
障,632
访,633
事,634
器,635
植,636
渐,637
西,638
够,639
越,640
赖,641
拉,642
菌,643
再,644
退,645
终,646
碍,647
趋,648
势,649
浆,650
规,651
软,652
向,653
睡,654
都,655
般,656
极,657
衰,658
占,659
青,660
段,661
另,662
混,663
急,664
酒,665
供,666
条,667
电,668
倍,669
遗,670
首,671
算,672
约,673
记,674
颈,675
广,676
局,677
安,678
仪,679
室,680
没,681
鲁,682
延,683
红,684
巴,685
径,686
营,687
片,688
充,689
志,690
挥,691
虑,692
筛,693
造,694
民,695
眼,696
技,697
问,698
阳,699
助,700
害,701
易,702
校,703
噬,704
获,705
京,706
域,707
阿,708
臀,709
消,710
像,711
眠,712
热,713
*,714
晚,715
循,716
夜,717
北,718
网,719
—,720
李,721
忆,722
知,723
就,724
层,725
左,726
阻,727
聚,728
价,729
词,730
很,731
精,732
继,733
曲,734
何,735
带,736
先,737
石,738
教,739
既,740
协,741
胶,742
淋,743
κ,744
尤,745
盐,746
酐,747
囊,748
禁,749
靶,750
去,751
纤,752
盒,753
雌,754
支,755
略,756
疏,757
碘,758
纯,759
只,760
侧,761
工,762
溶,763
官,764
途,765
普,766
华,767
配,768
棕,769
烟,770
那,771
胃,772
γ,773
脱,774
王,775
益,776
”,777
≤,778
折,779
杂,780
交,781
避,782
母,783
肢,784
购,785
尽,786
塞,787
连,788
板,789
初,790
佳,791
换,792
旁,793
任,794
停,795
卫,796
优,797
衡,798
批,799
泄,800
》,801
许,802
亦,803
字,804
沉,805
容,806
员,807
谷,808
巨,809
补,810
《,811
睾,812
滋,813
头,814
纳,815
坏,816
余,817
氮,818
住,819
针,820
它,821
待,822
链,823
斑,824
丙,825
钾,826
修,827
启,828
献,829
逆,830
雷,831
师,832
替,833
境,834
肉,835
品,836
末,837
骼,838
右,839
沙,840
止,841
滴,842
序,843
界,844
快,845
峰,846
恢,847
必,848
告,849
敲,850
块,851
半,852
互,853
滤,854
泛,855
荧,856
童,857
门,858
溃,859
陈,860
竭,861
底,862
阴,863
山,864
际,865
虽,866
置,867
备,868
霉,869
催,870
简,871
书,872
苷,873
乙,874
东,875
厚,876
髓,877
唑,878
胱,879
远,880
尔,881
?,882
疡,883
抽,884
称,885
裂,886
破,887
幅,888
雄,889
映,890
卡,891
索,892
偏,893
世,894
故,895
汁,896
绝,897
刘,898
符,899
累,900
端,901
夫,902
肺,903
设,904
深,905
甚,906
省,907
扩,908
孵,909
卵,910
孔,911
恶,912
几,913
印,914
温,915
⋯,916
羟,917
嗪,918
透,919
斯,920
镜,921
载,922
鉴,923
施,924
语,925
醛,926
齐,927
哺,928
胺,929
汉,930
声,931
居,932
泡,933
梗,934
奈,935
难,936
划,937
编,938
频,939
百,940
荷,941
济,942
隆,943
输,944
命,945
授,946
又,947
若,948
陷,949
毛,950
碱,951
罗,952
弱,953
军,954
扰,955
潜,956
林,957
迹,958
窄,959
股,960
息,961
狭,962
谱,963
望,964
龙,965
典,966
冲,967
瑞,968
杨,969
便,970
尼,971
阶,972
晨,973
亲,974
摘,975
律,976
艾,977
十,978
腔,979
苯,980
社,981
凝,982
辅,983
胚,984
牛,985
闭,986
愈,987
英,988
洗,989
楚,990
瘦,991
马,992
肤,993
紧,994
熟,995
材,996
江,997
富,998
吡,999
却,1000
码,1001
婴,1002
卒,1003
脐,1004
株,1005
某,1006
业,1007
△,1008
饰,1009
顾,1010
宁,1011
决,1012
榈,1013
氢,1014
庆,1015
氏,1016
氯,1017
求,1018
苏,1019
领,1020
晓,1021
喂,1022
五,1023
椎,1024
碳,1025
角,1026
留,1027
瞻,1028
创,1029
春,1030
嘌,1031
今,1032
判,1033
坦,1034
黎,1035
曾,1036
版,1037
胸,1038
六,1039
殊,1040
叶,1041
姜,1042
课,1043
气,1044
洲,1045
伟,1046
做,1047
·,1048
呼,1049
轴,1050
措,1051
慎,1052
队,1053
噻,1054
髋,1055
迅,1056
硫,1057
呤,1058
托,1059
满,1060
玉,1061
阐,1062
旨,1063
野,1064
黏,1065
才,1066
露,1067
哈,1068
拮,1069
音,1070
伐,1071
福,1072
争,1073
委,1074
枢,1075
米,1076
横,1077
坐,1078
须,1079
冬,1080
策,1081
详,1082
州,1083
巢,1084
宽,1085
德,1086
慰,1087
稀,1088
团,1089
斥,1090
束,1091
壁,1092
渗,1093
湿,1094
泵,1095
奖,1096
疼,1097
宫,1098
镁,1099
疆,1100
丝,1101
茶,1102
冰,1103
耳,1104
习,1105
欧,1106
储,1107
迟,1108
遍,1109
旦,1110
夏,1111
丁,1112
裸,1113
暂,1114
午,1115
_,1116
库,1117
畸,1118
烷,1119
描,1120
城,1121
梁,1122
份,1123
猴,1124
丽,1125
么,1126
莫,1127
胡,1128
箱,1129
猕,1130
真,1131
帕,1132
想,1133
麻,1134
’,1135
桥,1136
羊,1137
偿,1138
篇,1139
剧,1140
吾,1141
穿,1142
灌,1143
纠,1144
追,1145
兴,1146
淀,1147
房,1148
璐,1149
距,1150
误,1151
滑,1152
看,1153
暴,1154
宜,1155
匹,1156
递,1157
郁,1158
景,1159
梅,1160
幼,1161
卷,1162
忌,1163
涉,1164
淤,1165
酚,1166
背,1167
丘,1168
假,1169
润,1170
饱,1171
燕,1172
饲,1173
觉,1174
徐,1175
萨,1176
言,1177
兔,1178
贵,1179
孙,1180
农,1181
毫,1182
灶,1183
黑,1184
操,1185
泳,1186
答,1187
散,1188
浸,1189
迁,1190
谨,1191
寿,1192
万,1193
孢,1194
订,1195
耗,1196
旋,1197
众,1198
朱,1199
叉,1200
丹,1201
伦,1202
乎,1203
思,1204
默,1205
拟,1206
滞,1207
娩,1208
盘,1209
疑,1210
贝,1211
威,1212
智,1213
台,1214
残,1215
‘,1216
怀,1217
颗,1218
困,1219
刚,1220
锌,1221
纪,1222
签,1223
漆,1224
盲,1225
烈,1226
丢,1227
盟,1228
触,1229
缬,1230
星,1231
草,1232
隐,1233
赵,1234
芦,1235
愿,1236
佐,1237
念,1238
塑,1239
尹,1240
藜,1241
栓,1242
胀,1243
啶,1244
肱,1245
粉,1246
封,1247
久,1248
揭,1249
章,1250
隔,1251
堆,1252
概,1253
截,1254
¨,1255
村,1256
漏,1257
昔,1258
翻,1259
伸,1260
艳,1261
臂,1262
丰,1263
|,1264
找,1265
走,1266
仁,1267
落,1268
烯,1269
洁,1270
扫,1271
雅,1272
云,1273
听,1274
靠,1275
珠,1276
士,1277
盂,1278
夹,1279
署,1280
芳,1281
焦,1282
振,1283
聋,1284
吴,1285
颅,1286
津,1287
迷,1288
绿,1289
读,1290
灵,1291
费,1292
羧,1293
霞,1294
诺,1295
缘,1296
兰,1297
惯,1298
脊,1299
妥,1300
寻,1301
励,1302
休,1303
欲,1304
诸,1305
净,1306
陆,1307
冷,1308
践,1309
萎,1310
希,1311
馈,1312
胫,1313
秋,1314
喹,1315
赶,1316
川,1317
雪,1318
庭,1319
击,1320
训,1321
齿,1322
武,1323
郭,1324
晶,1325
职,1326
担,1327
莉,1328
永,1329
韩,1330
醉,1331
灰,1332
彩,1333
昼,1334
迫,1335
磁,1336
萍,1337
古,1338
沿,1339
踪,1340
携,1341
郑,1342
融,1343
匀,1344
丧,1345
搏,1346
④,1347
秀,1348
奋,1349
欣,1350
睑,1351
译,1352
恒,1353
坚,1354
警,1355
卧,1356
奥,1357
钳,1358
悬,1359
玲,1360
芬,1361
什,1362
辛,1363
①,1364
踝,1365
权,1366
尾,1367
泻,1368
蓄,1369
杰,1370
酵,1371
滦,1372
膦,1373
罕,1374
鲜,1375
矿,1376
粗,1377
硒,1378
乐,1379
兵,1380
娟,1381
弃,1382
吉,1383
亿,1384
眶,1385
边,1386
把,1387
冻,1388
浙,1389
钟,1390
硝,1391
架,1392
贾,1393
候,1394
炼,1395
膝,1396
装,1397
酪,1398
挑,1399
味,1400
忽,1401
县,1402
弊,1403
剩,1404
杆,1405
副,1406
】,1407
【,1408
丸,1409
凌,1410
胁,1411
父,1412
匿,1413
洛,1414
痫,1415
洪,1416
弹,1417
阈,1418
务,1419
仙,1420
牙,1421
锻,1422
历,1423
髂,1424
戊,1425
颖,1426
跨,1427
盖,1428
耦,1429
曼,1430
勇,1431
询,1432
顺,1433
锝,1434
纸,1435
演,1436
守,1437
侵,1438
紫,1439
肋,1440
帮,1441
木,1442
剔,1443
"""",1444
吐,1445
趾,1446
鼓,1447
②,1448
贫,1449
祖,1450
添,1451
奶,1452
膳,1453
菜,1454
悦,1455
呢,1456
里,1457
骤,1458
欠,1459
倾,1460
贴,1461
客,1462
颤,1463
哪,1464
涛,1465
镇,1466
错,1467
鱼,1468
战,1469
湖,1470
咪,1471
繁,1472
沈,1473
脾,1474
浊,1475
麦,1476
剪,1477
婚,1478
偶,1479
涤,1480
螺,1481
唾,1482
跖,1483
悸,1484
汤,1485
绍,1486
饥,1487
稍,1488
纹,1489
七,1490
薄,1491
叠,1492
呕,1493
遵,1494
琼,1495
檬,1496
柠,1497
肯,1498
场,1499
柱,1500
飞,1501
跃,1502
写,1503
婷,1504
鞘,1505
潴,1506
脆,1507
蔬,1508
迄,1509
话,1510
咽,1511
惠,1512
乡,1513
己,1514
惕,1515
旧,1516
唯,1517
慧,1518
博,1519
香,1520
秦,1521
窘,1522
鹿,1523
雯,1524
疮,1525
打,1526
送,1527
醋,1528
蒋,1529
花,1530
宇,1531
蜡,1532
倩,1533
剖,1534
豆,1535
银,1536
魏,1537
闻,1538
勒,1539
登,1540
举,1541
滨,1542
剥,1543
宣,1544
邓,1545
泼,1546
俊,1547
颜,1548
宏,1549
衍,1550
唐,1551
捷,1552
圆,1553
戒,1554
&,1555
季,1556
嘧,1557
簇,1558
弥,1559
巯,1560
让,1561
嗜,1562
千,1563
梯,1564
屏,1565
脯,1566
沫,1567
辣,1568
刊,1569
审,1570
歧,1571
③,1572
渡,1573
罹,1574
芽,1575
饿,1576
橼,1577
枸,1578
套,1579
鞍,1580
盛,1581
竞,1582
湘,1583
桂,1584
疸,1585
扮,1586
藏,1587
政,1588
攻,1589
哚,1590
晰,1591
吕,1592
蝶,1593
肘,1594
割,1595
届,1596
火,1597
兼,1598
刻,1599
厌,1600
苗,1601
漂,1602
班,1603
贡,1604
肖,1605
君,1606
昏,1607
旺,1608
妹,1609
喜,1610
忠,1611
猪,1612
腋,1613
伏,1614
鞋,1615
粪,1616
站,1617
芯,1618
宝,1619
瓶,1620
汪,1621
彭,1622
楼,1623
淑,1624
恩,1625
田,1626
寒,1627
焱,1628
姓,1629
矫,1630
办,1631
竟,1632
漫,1633
执,1634
宋,1635
袁,1636
斗,1637
琛,1638
荣,1639
械,1640
脓,1641
窝,1642
吲,1643
拍,1644
趣,1645
募,1646
潮,1647
嘉,1648
劳,1649
凤,1650
络,1651
矮,1652
汗,1653
纵,1654
太,1655
癫,1656
戴,1657
额,1658
阅,1659
腮,1660
衣,1661
仑,1662
碎,1663
蜜,1664
辉,1665
摩,1666
凯,1667
河,1668
震,1669
亮,1670
@,1671
宿,1672
吁,1673
辐,1674
茨,1675
友,1676
襆,1677
笼,1678
弓,1679
令,1680
毕,1681
窦,1682
啮,1683
瓣,1684
责,1685
纽,1686
蓝,1687
咳,1688
撤,1689
姚,1690
迎,1691
颌,1692
汇,1693
允,1694
仔,1695
搐,1696
缔,1697
钱,1698
奇,1699
浮,1700
菊,1701
董,1702
迪,1703
侣,1704
绞,1705
毅,1706
讲,1707
胜,1708
琳,1709
孩,1710
妻,1711
绒,1712
兆,1713
绕,1714
跟,1715
怕,1716
恰,1717
肃,1718
册,1719
渝,1720
嵌,1721
氟,1722
蔡,1723
坠,1724
杉,1725
八,1726
秩,1727
巧,1728
拿,1729
箭,1730
宗,1731
杜,1732
邵,1733
航,1734
疽,1735
姐,1736
遂,1737
磊,1738
辑,1739
欢,1740
朝,1741
森,1742
吞,1743
弟,1744
树,1745
锋,1746
请,1747
锐,1748
侯,1749
肩,1750
歇,1751
稿,1752
奠,1753
晕,1754
啡,1755
填,1756
赠,1757
督,1758
寅,1759
萃,1760
溴,1761
疹,1762
鹏,1763
锁,1764
灭,1765
杭,1766
顽,1767
伍,1768
痤,1769
覆,1770
冉,1771
聪,1772
亟,1773
埋,1774
潘,1775
梭,1776
泽,1777
盆,1778
膀,1779
铁,1780
茜,1781
帽,1782
耀,1783
呆,1784
厅,1785
媛,1786
皿,1787
痴,1788
虹,1789
},1790
浅,1791
池,1792
孟,1793
闪,1794
伊,1795
荟,1796
畅,1797
喀,1798
糜,1799
崩,1800
商,1801
韦,1802
昂,1803
薇,1804
倒,1805
昌,1806
辨,1807
倡,1808
鑫,1809
虚,1810
棘,1811
顶,1812
丈,1813
曝,1814
湾,1815
吃,1816
锂,1817
尖,1818
尺,1819
皱,1820
碧,1821
涵,1822
渣,1823
彦,1824
裔,1825
贮,1826
闵,1827
仰,1828
虫,1829
袢,1830
燥,1831
蕾,1832
莹,1833
练,1834
颁,1835
杓,1836
袖,1837
圈,1838
咖,1839
她,1840
跗,1841
借,1842
冯,1843
耻,1844
阵,1845
嘱,1846
嗽,1847
挛,1848
薛,1849
狼,1850
虞,1851
膏,1852
阜,1853
琦,1854
蕙,1855
燃,1856
凹,1857
诉,1858
承,1859
邻,1860
牵,1861
救,1862
貌,1863
钝,1864
怡,1865
逻,1866
拼,1867
隙,1868
腱,1869
菲,1870
勃,1871
鸣,1872
梢,1873
撑,1874
铭,1875
甾,1876
曹,1877
魁,1878
座,1879
插,1880
御,1881
招,1882
痕,1883
削,1884
铺,1885
岭,1886
δ,1887
洋,1888
畏,1889
荡,1890
倚,1891
拓,1892
芪,1893
邀,1894
车,1895
´,1896
闫,1897
嵴,1898
秒,1899
啰,1900
遇,1901
败,1902
辽,1903
污,1904
喝,1905
拜,1906
凡,1907
猛,1908
酗,1909
柄,1910
珊,1911
杀,1912
柴,1913
鲑,1914
痰,1915
乔,1916
革,1917
佩,1918
爱,1919
幸,1920
勤,1921
祥,1922
咨,1923
九,1924
钢,1925
茎,1926
贞,1927
『,1928
熊,1929
蓉,1930
徽,1931
泉,1932
渴,1933
稚,1934
眉,1935
琴,1936
闷,1937
娜,1938
褪,1939
零,1940
穷,1941
!,1942
铂,1943
尝,1944
腕,1945
投,1946
梦,1947
坛,1948
烦,1949
秘,1950
皆,1951
枯,1952
厂,1953
巍,1954
韧,1955
憾,1956
褐,1957
伶,1958
姬,1959
兄,1960
璞,1961
萌,1962
∽,1963
虎,1964
拒,1965
荆,1966
哮,1967
痉,1968
旭,1969
淡,1970
袭,1971
土,1972
阔,1973
塔,1974
挤,1975
醒,1976
乃,1977
贻,1978
顿,1979
翠,1980
◆,1981
绘,1982
俞,1983
喉,1984
楠,1985
孤,1986
皇,1987
糊,1988
蔗,1989
卓,1990
党,1991
坎,1992
播,1993
敦,1994
粘,1995
瞢,1996
泓,1997
啤,1998
港,1999
峡,2000
攀,2001
螯,2002
袋,2003
寡,2004
园,2005
㈣,2006
驱,2007
霖,2008
邹,2009
壮,2010
苦,2011
付,2012
筑,2013
宅,2014
栅,2015
庄,2016
挽,2017
Ⅲ,2018
跳,2019
谊,2020
返,2021
柏,2022
街,2023
款,2024
躯,2025
斜,2026
盈,2027
砜,2028
蕊,2029
妙,2030
暨,2031
茵,2032
峻,2033
蜗,2034
苓,2035
屈,2036
鸿,2037
刷,2038
牌,2039
卢,2040
浩,2041
画,2042
喘,2043
Ⅱ,2044
葛,2045
瘙,2046
痒,2047
乌,2048
莱,2049
遭,2050
痂,2051
弛,2052
玛,2053
°,2054
扪,2055
剑,2056
悉,2057
廉,2058
彻,2059
申,2060
彤,2061
翁,2062
僵,2063
荻,2064
锦,2065
谌,2066
藻,2067
爷,2068
玻,2069
吗,2070
奎,2071
®,2072
狗,2073
斌,2074
沟,2075
绪,2076
陶,2077
姻,2078
哑,2079
扎,2080
婧,2081
Ⅳ,2082
赛,2083
驿,2084
廓,2085
享,2086
蓓,2087
∞,2088
祝,2089
茅,2090
掌,2091
昆,2092
握,2093
蒸,2094
尧,2095
畴,2096
框,2097
轨,2098
买,2099
瞳,2100
璃,2101
瞿,2102
滢,2103
筠,2104
努,2105
崔,2106
央,2107
姆,2108
樊,2109
冒,2110
泱,2111
赫,2112
泰,2113
儒,2114
桡,2115
逃,2116
骺,2117
襻,2118
叫,2119
亭,2120
厦,2121
浦,2122
苄,2123
跌,2124
讯,2125
苹,2126
辩,2127
朗,2128
莎,2129
芹,2130
奉,2131
犯,2132
轮,2133
烁,2134
蜂,2135
鸟,2136
遏,2137
舌,2138
瞬,2139
睛,2140
仓,2141
删,2142
淆,2143
晖,2144
炮,2145
氰,2146
牧,2147
猜,2148
奔,2149
筏,2150
堂,2151
\,2152
妮,2153
塌,2154
碑,2155
枉,2156
铃,2157
⑤,2158
觟,2159
咯,2160
抖,2161
圳,2162
坤,2163
扭,2164
瑶,2165
陵,2166
瑜,2167
艺,2168
鸡,2169
庞,2170
噪,2171
扁,2172
狒,2173
岩,2174
鸥,2175
瑚,2176
璠,2177
铨,2178
汰,2179
淘,2180
撼,2181
烂,2182
膈,2183
劣,2184
盾,2185
痹,2186
铬,2187
脚,2188
炯,2189
腿,2190
尸,2191
扬,2192
逝,2193
翼,2194
芝,2195
暗,2196
琐,2197
佛,2198
曙,2199
砂,2200
禹,2201
页,2202
琪,2203
仿,2204
贯,2205
屑,2206
潍,2207
桑,2208
啉,2209
倪,2210
龈,2211
姝,2212
孰,2213
颞,2214
佝,2215
偻,2216
腻,2217
颇,2218
怎,2219
溢,2220
辖,2221
汕,2222
弗,2223
疲,2224
褚,2225
菁,2226
筋,2227
秉,2228
杖,2229
邝,2230
茯,2231
焕,2232
浴,2233
财,2234
谓,2235
户,2236
譬,2237
邱,2238
铝,2239
舆,2240
哥,2241
愚,2242
彼,2243
盏,2244
狄,2245
怠,2246
饭,2247
弄,2248
媒,2249
伽,2250
筹,2251
韵,2252
乾,2253
夷,2254
歌,2255
叩,2256
坊,2257
杏,2258
坡,2259
熔,2260
冕,2261
巩,2262
瘀,2263
笔,2264
梨,2265
蹼,2266
榷,2267
摸,2268
沸,2269
薏,2270
郊,2271
煮,2272
苡,2273
胛,2274
嘶,2275
秤,2276
刮,2277
菘,2278
泪,2279
钰,2280
^,2281
惊,2282
伯,2283
淬,2284
矛,2285
蝇,2286
帆,2287
膨,2288
锴,2289
巾,2290
柳,2291
乘,2292
绩,2293
柔,2294
庸,2295
毋,2296
裹,2297
澳,2298
席,2299
裕,2300
邢,2301
秃,2302
钧,2303
蒙,2304
凉,2305
锰,2306
傅,2307
恼,2308
萤,2309
唤,2310
涌,2311
睿,2312
臧,2313
翱,2314
醚,2315
昕,2316
鼻,2317
躁,2318
栋,2319
烨,2320
兹,2321
拷,2322
召,2323
扑,2324
骶,2325
舍,2326
忧,2327
掘,2328
艰,2329
覬,2330
灿,2331
倦,2332
驴,2333
疱,2334
萝,2335
呋,2336
瓯,2337
蔽,2338
硼,2339
椭,2340
杯,2341
爬,2342
霍,2343
吹,2344
柯,2345
竹,2346
蛭,2347
蠕,2348
贤,2349
睫,2350
蛛,2351
•,2352
缝,2353
涂,2354
弯,2355
饵,2356
摔,2357
沪,2358
粲,2359
尊,2360
迈,2361
岚,2362
晒,2363
臼,2364
凸,2365
痨,2366
慕,2367
搭,2368
撰,2369
桃,2370
檗,2371
勿,2372
卜,2373
莘,2374
枚,2375
戈,2376
瞩,2377
㈨,2378
馨,2379
飨,2380
挫,2381
瑛,2382
俭,2383
铜,2384
疝,2385
驾,2386
迥,2387
臣,2388
蚀,2389
礼,2390
芩,2391
荒,2392
筱,2393
烤,2394
萘,2395
煎,2396
栀,2397
辟,2398
誉,2399
鲲,2400
菠,2401
酱,2402
艽,2403
销,2404
瓜,2405
蒲,2406
府,2407
傍,2408
弧,2409
苍,2410
朵,2411
妍,2412
栾,2413
靳,2414
彰,2415
町,2416
雾,2417
耘,2418
懒,2419
锡,2420
觹,2421
淇,2422
腘,2423
娇,2424
皂,2425
∥,2426
爽,2427
寄,2428
拱,2429
拐,2430
陛,2431
昱,2432
佼,2433
洱,2434
瑟,2435
搦,2436
腈,2437
棱,2438
幽,2439
驶,2440
凭,2441
廖,2442
№,2443
漠,2444
绵,2445
灼,2446
览,2447
掉,2448
莲,2449
赤,2450
肚,2451
椿,2452
毗,2453
蘑,2454
泊,2455
郝,2456
井,2457
薜,2458
壳,2459
哲,2460
凶,2461
郧,2462
堡,2463
蚕,2464
档,2465
楂,2466
噁,2467
窖,2468
蜀,2469
撕,2470
闽,2471
咏,2472
豫,2473
吟,2474
々,2475
芎,2476
歹,2477
■,2478
灾,2479
宾,2480
啊,2481
癜,2482
桓,2483
侠,2484
镊,2485
孜,2486
谜,2487
枕,2488
旷,2489
敷,2490
拳,2491
孑,2492
岑,2493
荫,2494
糍,2495
址,2496
臻,2497
菝,2498
葜,2499
锚,2500
汞,2501
蔺,2502
朔,2503
髌,2504
√,2505
枝,2506
醢,2507
赟,2508
翔,2509
#,2510
旅,2511
屎,2512
骗,2513
缪,2514
磨,2515
晋,2516
龚,2517
瓦,2518
涓,2519
彬,2520
邦,2521
朋,2522
踩,2523
栗,2524
籍,2525
犹,2526
樟,2527
羽,2528
蓬,2529
派,2530
痣,2531
磅,2532
扇,2533
逾,2534
衔,2535
慌,2536
纱,2537
翰,2538
蹒,2539
跚,2540
赋,2541
惑,2542
吻,2543
佴,2544
契,2545
侏,2546
诚,2547
铵,2548
掀,2549
腴,2550
靡,2551
帝,2552
琥,2553
桶,2554
珀,2555
窗,2556
披,2557
辰,2558
馏,2559
殷,2560
丛,2561
豚,2562
昊,2563
贺,2564
奏,2565
窒,2566
逞,2567
臭,2568
怒,2569
涡,2570
串,2571
俗,2572
赞,2573
姿,2574
梳,2575
娓,2576
锅,2577
岸,2578
芸,2579
枪,2580
篷,2581
腓,2582
墨,2583
瀑,2584
妩,2585
敬,2586
陪,2587
钆,2588
晃,2589
●,2590
掩,2591
滕,2592
褶,2593
陕,2594
剌,2595
–,2596
钶,2597
ω,2598
喻,2599
砖,2600
壤,2601
悖,2602
矢,2603
遥,2604
厥,2605
雁,2606
脸,2607
刀,2608
瘫,2609
孪,2610
眦,2611
屡,2612
肼,2613
抛,2614
斟,2615
嗍,2616
糟,2617
爨,2618
粤,2619
坭,2620
俩,2621
猝,2622
鼹,2623
勾,2624
洞,2625
骝,2626
矗,2627
牢,2628
柚,2629
纺,2630
眩,2631
婢,2632
§,2633
怪,2634
赢,2635
瑾,2636
彪,2637
耿,2638
劼,2639
襄,2640
贪,2641
钨,2642
梧,2643
酬,2644
蓑,2645
拥,2646
⑧,2647
吩,2648
幕,2649
喋,2650
灏,2651
⑦,2652
⑥,2653
跛,2654
栏,2655
句,2656
菱,2657
骥,2658
锤,2659
拔,2660
瘢,2661
讶,2662
惹,2663
惚,2664
恍,2665
搀,2666
扶,2667
缕,2668
乖,2669
禧,2670
燚,2671
棉,2672
拭,2673
沾,2674
埃,2675
藤,2676
谳,2677
岬,2678
{,2679
嚼,2680
厄,2681
菟,2682
孚,2683
抄,2684
赣,2685
耶,2686
绀,2687
喷,2688
函,2689
叙,2690
纶,2691
蚝,2692
徙,2693
抢,2694
炭,2695
晾,2696
浒,2697
邮,2698
瓅,2699
挪,2700
刃,2701
菔,2702
喃,2703
卟,2704
刹,2705
货,2706
镍,2707
鸦,2708
馆,2709
灯,2710
鹄,2711
诠,2712
鄂,2713
苛,2714
尴,2715
婕,2716
伪,2717
铅,2718
Ⅶ,2719
廊,2720
驯,2721
赘,2722
琰,2723
溏,2724
昙,2725
炸,2726
爆,2727
疟,2728
滇,2729
玮,2730
祭,2731
蜘,2732
姣,2733
庚,2734
桔,2735
崭,2736
炔,2737
蒂,2738
忡,2739
敛,2740
铍,2741
挂,2742
媲,2743
潭,2744
椐,2745
琬,2746
拣,2747
嫁,2748
譈,2749
垦,2750
您,2751
钻,2752
篮,2753
硕,2754
茂,2755
悼,2756
讣,2757
岳,2758
鸾,2759
寰,2760
盱,2761
偱,2762
釉,2763
岱,2764
抒,2765
聂,2766
冽,2767
冈,2768
腊,2769
俯,2770
甜,2771
勍,2772
叭,2773
笋,2774
莴,2775
矧,2776
凿,2777
腐,2778
瘘,2779
嵋,2780
埘,2781
陋,2782
扣,2783
娣,2784
亍,2785
逢,2786
孝,2787
佑,2788
拾,2789
懈,2790
裁,2791
诞,2792
裴,2793
尢,2794
菇,2795
苑,2796
痢,2797
洒,2798
搴,2799
馕,2800
翌,2801
妨,2802
鲨,2803
剜,2804
粱,2805
晗,2806
骏,2807
沛,2808
萜,2809
痿,2810
禀,2811
嚷,2812
盯,2813
滓,2814
哀,2815
茛,2816
娴,2817
莓,2818
岔,2819
樱,2820
橙,2821
睦,2822
岷,2823
芮,2824
漓,2825
桦,2826
矶,2827
珍,2828
榴,2829
馒,2830
茗,2831
捻,2832
皎,2833
坨,2834
哭,2835
闹,2836
钴,2837
邪,2838
拈,2839
狂,2840
藉,2841
蔻,2842
斐,2843
侉,2844
羌,2845
阉,2846
鹅,2847
祛,2848
炉,2849
蠲,2850
胝,2851
胼,2852
婵,2853
捐,2854
仳,2855
暮,2856
罩,2857
忙,2858
悲,2859
娄,2860
隗,2861
谈,2862
甙,2863
搜,2864
瓒,2865
醯,2866
苫,2867
恤,2868
抬,2869
咸,2870
峦,2871
翟,2872
佗,2873
珺,2874
迭,2875
仉,2876
晟,2877
夺,2878
Ⅷ,2879
纭,2880
嘲,2881
芡,2882
葚,2883
椹,2884
你,2885
²,2886
莨,2887
卉,2888
詹,2889
蹈,2890
舞,2891
痪,2892
靖,2893
戚,2894
缠,2895
郎,2896
甫,2897
荞,2898
粟,2899
颉,2900
铰,2901
跑,2902
绳,2903
揉,2904
骑,2905
夯,2906
兮,2907
杠,2908
蔚,2909
玺,2910
樑,2911
嫔,2912
谭,2913
皓,2914
菪,2915
穴,2916
暖,2917
夸,2918
绑,2919
阎,2920
觙,2921
喆,2922
慜,2923
涩,2924
泥,2925
雨,2926
玫,2927
劲,2928
汾,2929
仲,2930
灸,2931
汝,2932
杞,2933
抉,2934
笛,2935
娱,2936
觫,2937
萸,2938
萆,2939
眭,2940
倘,2941
熏,2942
腑,2943
淮,2944
纬,2945
廇,2946
堰,2947
鲈,2948
沓,2949
搿,2950
裟,2951
渊,2952
篙,2953
坝,2954
痩,2955
﹪,2956
垫,2957
筐,2958
玄,2959
龟,2960
崇,2961
坪,2962
茚,2963
荨,2964
碰,2965
罄,2966
擦,2967
匕,2968
哇,2969
簋,2970
锬,2971
弘,2972
霸,2973
甬,2974
黔,2975
嗣,2976
俄,2977
辗,2978
腌,2979
郅,2980
瓤,2981
冀,2982
鼍,2983
冗,2984
禽,2985
酥,2986
疙,2987
瘩,2988
隶,2989
犁,2990
堪,2991
渖,2992
牲,2993
牺,2994
烃,2995
琅,2996
咎,2997
黼,2998
茹,2999
